Authors,Title,Publication,Volume,Number,Pages,Year,Publisher
"Saliba, M; Pakari, O; ",Measuring neutron noise in a research reactor using a 3D core mapping system,2025 ETSON Conference,,,,,
"Saliba, M; Romano, P; Tramm, J; Knudsen, EB; Siefman, D; Pautz, A; Pakari, O; ",Development of an Event Tracking Feature in OpenMC for Neutron Spectroscopy and Scatter Camera Systems,International Conference on Mathematics and Computational Methods Applied to Nuclear Science and Engineering (M&C 2025),,,,2025,
"Saliba, Michel; Lamirand, Vincent; Monange, Wilfried; Vitullo, Fanny; Hursin, Mathieu; Pautz, Andreas; Pakari, Oskari; ",Measurement of the prompt neutron decay constant in a zero-power reactor using a novel 3d detector system,Nuclear Science and Engineering,200,sup1,S406-S414,2026,Taylor & Francis
"Saliba, Michel; Pakari, Oskari; Monange, Wilfried; Pautz, Andreas; Lamirand, Vincent; ",Measurement of the Prompt Decay Constant in a Zero Power Reactor Using a Novel 3D Detector System,PHYSOR 2024-International Conference on Physics of Reactors,,,155-163,2024,American Nuclear Society
"Saliba, Michel; Tramm, John; Romano, Paul; Knudsen, Erik B; Pautz, Andreas; Pakari, Oskari; ",Development of an Event Tracking Feature in OpenMC for Neutron Noise Analysis,EPJ Web of Conferences,338,,04001,2025,EDP Sciences
"Pakari, Oskari; Lucas, Andrew; Darby, Flynn; Saliba, Michel; Lamirand, Vincent; Pautz, Andreas; Pozzi, Sara; ",Towards the Direct Observation of Xenon-135 Poisoning in a Zero-Power Reactor via Gamma Spectroscopy,EPJ Web of Conferences,338,,04010,2025,EDP Sciences
"Saliba, Michel; Lehmann, Eberhard; Trtik, Pavel; Lamirant, Vincent; Pautz, Andreas; Pakari, Oskari; ",Simulations of a new neutron imaging station at the CROCUS zero power reactor,EPJ Web of Conferences,338,,04012,2025,EDP Sciences
"Darby, Flynn B; Kostelac, Cole; Saliba, Michel; Lamirand, Vincent; Clarke, SD; Pautz, Andreas; Pozzi, Sara A; Pakari, OV; ",Investigation of Noise Detection Systems in the CROCUS Reactor from SANDcaStLE,EPJ Web of Conferences,338,,04015,2025,EDP Sciences
"Pakari, Oskari; Świątkowska, Julia; Saliba, Michel; ",Predicting Neutron Noise Detector Responses for Zero-Power Molten Salt Reactor Experiments,EPJ Web of Conferences,338,,04011,2025,EDP Sciences
"Darby, Flynn; Lucas, Andrew; Saliba, Michel; Pozzi, Sara; Pakari, Oskari; ",Monitoring 135Xe after the shutdown of a research reactor using gamma-ray spectroscopy,"Nuclear Instruments and Methods in Physics Research Section A: Accelerators, Spectrometers, Detectors and Associated Equipment",,,171252,2025,North-Holland
"Kostelac, Cole M; Darby, Flynn B; Lamirand, Vincent; Pozzi, Sara A; Saliba, Michel; Pakari, Oskari V; ",Synchronization of neutron and gamma detector signals for noise studies,"Nuclear Instruments and Methods in Physics Research Section A: Accelerators, Spectrometers, Detectors and Associated Equipment",,,171475,2026,North-Holland
"Saliba, Michel; Lehmann, Eberhard; Trtik, Pavel; Lamirand, Vincent; Dupont-Bembinoff, Alexis; Montecchio, Cecilia; Clément, Daniel; Pautz, Andreas; Pakari, Oskari; ",First neutron imaging experiments at the CROCUS zero-power reactor,"Nuclear Instruments and Methods in Physics Research Section A: Accelerators, Spectrometers, Detectors and Associated Equipment",,,171590,2026,North-Holland
"Saliba, Michel; Tramm, John R; Romano, Paul K; Knudsen, Erik B; Pautz, Andreas; Pakari, Oskari V; ","Collision Tracking in OpenMC: Methods and Applications in Neutron Noise, Neutron Imaging, Time-of-Flight, and Multiplicity Counting",Nuclear Science and Engineering,,,1-11,2026,Taylor & Francis
"FB, Darby; Kostelac, C; Saliba, Michel; Lamirand, V; Pautz, A; SA, Pozzi; ",Investigation of Noise Detection Systems in the CROCUS Reactor from SANDcaStLE,EPJ Web of Conferences (EPJ WoC),338,23,,,Science Press
"Pakari, Oskari; Saliba, Michel; Breitenmoser, David; Pozzi, Sara; ",Verification of the collision tracking feature in OpenMC with MCNPX-PoliMi and preliminary validation with a 252 Cf experiment,,,,,,
"Saliba, Michel; Pakari, Oskari; ",Investigation of Neutron Noise Phenomena in Multiplying Breeding Blankets of Fusion Reactors,,,,,,
